ano,edition,sport,Gold,Silver,Bronze,Total
1896,1896 Summer Olympics,Artistic Gymnastics,26,9,6,41
1896,1896 Summer Olympics,Athletics,12,13,12,37
1896,1896 Summer Olympics,Cycling Road,1,1,1,3
1896,1896 Summer Olympics,Cycling Track,5,5,3,13
1896,1896 Summer Olympics,Fencing,3,3,3,9
1896,1896 Summer Olympics,Shooting,5,5,5,15
1896,1896 Summer Olympics,Swimming,4,4,2,10
1896,1896 Summer Olympics,Tennis,5,3,6,14
1896,1896 Summer Olympics,Weightlifting,2,2,2,6
1896,1896 Summer Olympics,Wrestling,1,1,1,3
1900,1900 Summer Olympics,Archery,7,7,6,20
1900,1900 Summer Olympics,Artistic Gymnastics,1,1,1,3
1900,1900 Summer Olympics,Athletics,27,27,22,76
1900,1900 Summer Olympics,Basque pelota,2,0,0,2
1900,1900 Summer Olympics,Cricket,22,12,0,34
1900,1900 Summer Olympics,Croquet,4,2,2,8
1900,1900 Summer Olympics,Cycling Track,3,3,3,9
1900,1900 Summer Olympics,Equestrian Dressage,1,1,1,3
1900,1900 Summer Olympics,Equestrian Driving,1,1,1,3
1900,1900 Summer Olympics,Equestrian Jumping,4,2,3,9
1900,1900 Summer Olympics,Fencing,7,7,7,21
1900,1900 Summer Olympics,Football,11,13,11,35
1900,1900 Summer Olympics,Golf,2,2,2,6
1900,1900 Summer Olympics,Polo,5,4,12,21
1900,1900 Summer Olympics,Rowing,23,21,24,68
1900,1900 Summer Olympics,Rugby,17,30,0,47
1900,1900 Summer Olympics,Sailing,29,44,32,105
1900,1900 Summer Olympics,Shooting,16,17,16,49
1900,1900 Summer Olympics,Swimming,11,11,11,33
1900,1900 Summer Olympics,Tennis,6,10,16,32
1900,1900 Summer Olympics,Tug-Of-War,12,6,0,18
1900,1900 Summer Olympics,Water Polo,7,10,15,32
1904,1904 Summer Olympics,Archery,12,8,8,28
1904,1904 Summer Olympics,Artistic Gymnastics,19,15,17,51
1904,1904 Summer Olympics,Athletics,28,28,23,79
1904,1904 Summer Olympics,Boxing,7,7,4,18
1904,1904 Summer Olympics,Cycling Track,7,7,7,21
1904,1904 Summer Olympics,Diving,1,1,1,3
1904,1904 Summer Olympics,Fencing,10,7,4,21
1904,1904 Summer Olympics,Football,14,11,12,37
1904,1904 Summer Olympics,Golf,11,11,12,34
1904,1904 Summer Olympics,Lacrosse,12,12,12,36
1904,1904 Summer Olympics,Roque,1,1,1,3
1904,1904 Summer Olympics,Rowing,22,20,13,55
1904,1904 Summer Olympics,Swimming,13,13,13,39
1904,1904 Summer Olympics,Tennis,3,3,6,12
1904,1904 Summer Olympics,Tug-Of-War,5,5,5,15
1904,1904 Summer Olympics,Water Polo,7,7,7,21
1904,1904 Summer Olympics,Weightlifting,2,2,2,6
1904,1904 Summer Olympics,Wrestling,7,7,7,21
1908,1908 Summer Olympics,Archery,3,3,3,9
1908,1908 Summer Olympics,Artistic Gymnastics,39,31,27,97
1908,1908 Summer Olympics,Athletics,34,34,33,101
1908,1908 Summer Olympics,Boxing,5,5,5,15
1908,1908 Summer Olympics,Cycling Track,10,10,10,30
1908,1908 Summer Olympics,Diving,2,2,3,7
1908,1908 Summer Olympics,Fencing,14,13,14,41
1908,1908 Summer Olympics,Figure Skating,5,5,5,15
1908,1908 Summer Olympics,Football,33,17,30,80
1908,1908 Summer Olympics,Hockey,13,12,22,47
1908,1908 Summer Olympics,Jeu De Paume,1,1,1,3
1908,1908 Summer Olympics,Lacrosse,15,12,0,27
1908,1908 Summer Olympics,Motorboating,7,0,0,7
1908,1908 Summer Olympics,Polo,4,8,0,12
1908,1908 Summer Olympics,Racquets,3,3,4,10
1908,1908 Summer Olympics,Rowing,23,23,39,85
1908,1908 Summer Olympics,Rugby,31,17,0,48
1908,1908 Summer Olympics,Sailing,22,18,8,48
1908,1908 Summer Olympics,Shooting,41,39,37,117
1908,1908 Summer Olympics,Swimming,9,9,9,27
1908,1908 Summer Olympics,Tennis,8,8,8,24
1908,1908 Summer Olympics,Tug-Of-War,8,8,8,24
1908,1908 Summer Olympics,Water Polo,7,7,7,21
1908,1908 Summer Olympics,Wrestling,9,9,9,27
1912,1912 Summer Olympics,Art Competitions,5,1,0,6
1912,1912 Summer Olympics,Artistic Gymnastics,67,68,73,208
1912,1912 Summer Olympics,Athletics,51,50,42,143
1912,1912 Summer Olympics,Cycling Road,13,13,10,36
1912,1912 Summer Olympics,Diving,4,4,4,12
1912,1912 Summer Olympics,Equestrian Dressage,1,1,1,3
1912,1912 Summer Olympics,Equestrian Eventing,5,5,5,15
1912,1912 Summer Olympics,Equestrian Jumping,5,5,5,15
1912,1912 Summer Olympics,Fencing,19,19,19,57
1912,1912 Summer Olympics,Football,34,20,19,73
1912,1912 Summer Olympics,Modern Pentathlon,1,1,1,3
1912,1912 Summer Olympics,Rowing,20,20,26,66
1912,1912 Summer Olympics,Sailing,26,25,22,73
1912,1912 Summer Olympics,Shooting,48,48,48,144
1912,1912 Summer Olympics,Swimming,15,15,15,45
1912,1912 Summer Olympics,Tennis,12,12,12,36
1912,1912 Summer Olympics,Tug-Of-War,8,8,0,16
1912,1912 Summer Olympics,Water Polo,7,7,9,23
1912,1912 Summer Olympics,Wrestling,4,6,5,15
1920,1920 Summer Olympics,Archery,41,29,10,80
1920,1920 Summer Olympics,Art Competitions,3,5,3,11
1920,1920 Summer Olympics,Artistic Gymnastics,72,76,51,199
1920,1920 Summer Olympics,Athletics,44,48,44,136
1920,1920 Summer Olympics,Boxing,8,8,8,24
1920,1920 Summer Olympics,Cycling Road,5,5,5,15
1920,1920 Summer Olympics,Cycling Track,8,8,8,24
1920,1920 Summer Olympics,Diving,5,5,5,15
1920,1920 Summer Olympics,Equestrian Dressage,1,1,1,3
1920,1920 Summer Olympics,Equestrian Eventing,5,5,5,15
1920,1920 Summer Olympics,Equestrian Jumping,5,5,5,15
1920,1920 Summer Olympics,Equestrian Vaulting,4,4,4,12
1920,1920 Summer Olympics,Fencing,28,22,22,72
1920,1920 Summer Olympics,Figure Skating,4,4,4,12
1920,1920 Summer Olympics,Football,22,22,22,66
1920,1920 Summer Olympics,Hockey,15,14,15,44
1920,1920 Summer Olympics,Ice Hockey,8,11,9,28
1920,1920 Summer Olympics,Modern Pentathlon,1,1,1,3
1920,1920 Summer Olympics,Polo,4,5,4,13
1920,1920 Summer Olympics,Rowing,20,20,20,60
1920,1920 Summer Olympics,Rugby,21,19,0,40
1920,1920 Summer Olympics,Sailing,64,24,8,96
1920,1920 Summer Olympics,Shooting,66,66,66,198
1920,1920 Summer Olympics,Swimming,16,17,16,49
1920,1920 Summer Olympics,Tennis,8,8,8,24
1920,1920 Summer Olympics,Tug-Of-War,9,8,8,25
1920,1920 Summer Olympics,Water Polo,7,8,10,25
1920,1920 Summer Olympics,Weightlifting,5,5,5,15
1920,1920 Summer Olympics,Wrestling,10,10,11,31
1924,1924 Summer Olympics,Art Competitions,3,5,6,14
1924,1924 Summer Olympics,Artistic Gymnastics,16,17,16,49
1924,1924 Summer Olympics,Athletics,51,49,49,149
1924,1924 Summer Olympics,Boxing,8,8,8,24
1924,1924 Summer Olympics,Cycling Road,5,5,5,15
1924,1924 Summer Olympics,Cycling Track,8,8,8,24
1924,1924 Summer Olympics,Diving,5,5,5,15
1924,1924 Summer Olympics,Equestrian Dressage,1,1,1,3
1924,1924 Summer Olympics,Equestrian Eventing,5,5,5,15
1924,1924 Summer Olympics,Equestrian Jumping,5,5,5,15
1924,1924 Summer Olympics,Fencing,28,28,25,81
1924,1924 Summer Olympics,Football,22,22,22,66
1924,1924 Summer Olympics,Modern Pentathlon,1,1,1,3
1924,1924 Summer Olympics,Polo,6,4,4,14
1924,1924 Summer Olympics,Rowing,32,29,25,86
1924,1924 Summer Olympics,Rugby,26,28,22,76
1924,1924 Summer Olympics,Sailing,9,9,9,27
1924,1924 Summer Olympics,Shooting,25,25,25,75
1924,1924 Summer Olympics,Swimming,18,19,19,56
1924,1924 Summer Olympics,Tennis,8,8,8,24
1924,1924 Summer Olympics,Water Polo,11,11,11,33
1924,1924 Summer Olympics,Weightlifting,5,5,5,15
1924,1924 Summer Olympics,Wrestling,13,13,13,39
1924,1924 Winter Olympics,Alpinism,84,0,0,84
1924,1924 Winter Olympics,Bobsleigh,4,4,5,13
1924,1924 Winter Olympics,Cross Country Skiing,2,2,2,6
1924,1924 Winter Olympics,Curling,9,8,6,23
1924,1924 Winter Olympics,Figure Skating,4,4,4,12
1924,1924 Winter Olympics,Ice Hockey,10,10,12,32
1924,1924 Winter Olympics,Military Ski Patrol,4,4,4,12
1924,1924 Winter Olympics,Nordic Combined,1,1,1,3
1924,1924 Winter Olympics,Ski Jumping,1,1,1,3
1924,1924 Winter Olympics,Speed Skating,5,5,6,16
1928,1928 Summer Olympics,Art Competitions,9,10,10,29
1928,1928 Summer Olympics,Artistic Gymnastics,24,26,26,76
1928,1928 Summer Olympics,Athletics,45,46,47,138
1928,1928 Summer Olympics,Boxing,8,8,8,24
1928,1928 Summer Olympics,Cycling Road,5,5,5,15
1928,1928 Summer Olympics,Cycling Track,8,9,8,25
1928,1928 Summer Olympics,Diving,4,4,4,12
1928,1928 Summer Olympics,Equestrian Dressage,4,4,4,12
1928,1928 Summer Olympics,Equestrian Eventing,4,4,4,12
1928,1928 Summer Olympics,Equestrian Jumping,4,4,4,12
1928,1928 Summer Olympics,Fencing,22,22,21,65
1928,1928 Summer Olympics,Football,22,22,22,66
1928,1928 Summer Olympics,Hockey,15,22,22,59
1928,1928 Summer Olympics,Modern Pentathlon,1,1,1,3
1928,1928 Summer Olympics,Rowing,32,32,31,95
1928,1928 Summer Olympics,Sailing,11,11,12,34
1928,1928 Summer Olympics,Swimming,21,18,18,57
1928,1928 Summer Olympics,Water Polo,11,11,9,31
1928,1928 Summer Olympics,Weightlifting,6,4,5,15
1928,1928 Summer Olympics,Wrestling,13,13,13,39
1928,1928 Winter Olympics,Bobsleigh,5,5,5,15
1928,1928 Winter Olympics,Cross Country Skiing,2,2,2,6
1928,1928 Winter Olympics,Figure Skating,4,4,4,12
1928,1928 Winter Olympics,Ice Hockey,13,12,12,37
1928,1928 Winter Olympics,Nordic Combined,1,1,1,3
1928,1928 Winter Olympics,Skeleton,1,1,1,3
1928,1928 Winter Olympics,Ski Jumping,1,1,1,3
1928,1928 Winter Olympics,Speed Skating,4,2,5,11
1932,1932 Summer Olympics,Alpinism,2,0,0,2
1932,1932 Summer Olympics,Art Competitions,8,9,6,23
1932,1932 Summer Olympics,Artistic Gymnastics,15,15,15,45
1932,1932 Summer Olympics,Athletics,49,47,44,140
1932,1932 Summer Olympics,Boxing,8,8,8,24
1932,1932 Summer Olympics,Cycling Road,5,5,5,15
1932,1932 Summer Olympics,Cycling Track,8,8,8,24
1932,1932 Summer Olympics,Diving,4,4,4,12
1932,1932 Summer Olympics,Equestrian Dressage,4,4,4,12
1932,1932 Summer Olympics,Equestrian Eventing,4,4,1,9
1932,1932 Summer Olympics,Equestrian Jumping,1,1,1,3
1932,1932 Summer Olympics,Fencing,22,21,22,65
1932,1932 Summer Olympics,Hockey,15,13,17,45
1932,1932 Summer Olympics,Modern Pentathlon,1,1,1,3
1932,1932 Summer Olympics,Rowing,36,29,27,92
1932,1932 Summer Olympics,Sailing,19,14,7,40
1932,1932 Summer Olympics,Shooting,2,2,2,6
1932,1932 Summer Olympics,Swimming,17,17,17,51
1932,1932 Summer Olympics,Water Polo,11,10,11,32
1932,1932 Summer Olympics,Weightlifting,5,5,5,15
1932,1932 Summer Olympics,Wrestling,14,14,14,42
1932,1932 Winter Olympics,Bobsleigh,6,6,6,18
1932,1932 Winter Olympics,Cross Country Skiing,2,2,2,6
1932,1932 Winter Olympics,Figure Skating,4,4,4,12
1932,1932 Winter Olympics,Ice Hockey,14,14,10,38
1932,1932 Winter Olympics,Nordic Combined,1,1,1,3
1932,1932 Winter Olympics,Ski Jumping,1,1,1,3
1932,1932 Winter Olympics,Speed Skating,4,4,4,12
1936,1936 Summer Olympics,Aeronautics,1,0,0,1
1936,1936 Summer Olympics,Alpinism,2,0,0,2
1936,1936 Summer Olympics,Art Competitions,9,12,11,32
1936,1936 Summer Olympics,Artistic Gymnastics,23,23,24,70
1936,1936 Summer Olympics,Athletics,50,49,48,147
1936,1936 Summer Olympics,Basketball,14,14,11,39
1936,1936 Summer Olympics,Boxing,8,8,8,24
1936,1936 Summer Olympics,Canoe Marathon,8,8,8,24
1936,1936 Summer Olympics,Canoe Sprint,6,6,6,18
1936,1936 Summer Olympics,Cycling Road,5,5,5,15
1936,1936 Summer Olympics,Cycling Track,8,8,8,24
1936,1936 Summer Olympics,Diving,4,4,4,12
1936,1936 Summer Olympics,Equestrian Dressage,4,4,4,12
1936,1936 Summer Olympics,Equestrian Eventing,4,4,4,12
1936,1936 Summer Olympics,Equestrian Jumping,4,4,4,12
1936,1936 Summer Olympics,Fencing,22,22,22,66
1936,1936 Summer Olympics,Football,22,20,22,64
1936,1936 Summer Olympics,Handball,22,22,18,62
1936,1936 Summer Olympics,Hockey,22,22,18,62
1936,1936 Summer Olympics,Modern Pentathlon,1,1,1,3
1936,1936 Summer Olympics,Polo,4,4,4,12
1936,1936 Summer Olympics,Rowing,33,29,35,97
1936,1936 Summer Olympics,Sailing,14,14,14,42
1936,1936 Summer Olympics,Shooting,3,3,3,9
1936,1936 Summer Olympics,Swimming,21,21,21,63
1936,1936 Summer Olympics,Water Polo,11,11,11,33
1936,1936 Summer Olympics,Weightlifting,6,4,5,15
1936,1936 Summer Olympics,Wrestling,14,14,14,42
1936,1936 Winter Olympics,Alpine Skiing,2,2,2,6
1936,1936 Winter Olympics,Bobsleigh,6,6,6,18
1936,1936 Winter Olympics,Cross Country Skiing,6,6,6,18
1936,1936 Winter Olympics,Figure Skating,4,4,4,12
1936,1936 Winter Olympics,Ice Hockey,13,15,13,41
1936,1936 Winter Olympics,Nordic Combined,1,1,1,3
1936,1936 Winter Olympics,Ski Jumping,1,1,1,3
1936,1936 Winter Olympics,Speed Skating,4,4,4,12
1948,1948 Summer Olympics,Art Competitions,8,11,13,32
1948,1948 Summer Olympics,Artistic Gymnastics,25,22,25,72
1948,1948 Summer Olympics,Athletics,51,51,49,151
1948,1948 Summer Olympics,Basketball,14,14,12,40
1948,1948 Summer Olympics,Boxing,8,8,8,24
1948,1948 Summer Olympics,Canoe Marathon,6,6,6,18
1948,1948 Summer Olympics,Canoe Sprint,7,7,7,21
1948,1948 Summer Olympics,Cycling Road,5,5,5,15
1948,1948 Summer Olympics,Cycling Track,8,8,8,24
1948,1948 Summer Olympics,Diving,4,4,4,12
1948,1948 Summer Olympics,Equestrian Dressage,4,4,4,12
1948,1948 Summer Olympics,Equestrian Eventing,4,4,4,12
1948,1948 Summer Olympics,Equestrian Jumping,4,4,4,12
1948,1948 Summer Olympics,Fencing,22,23,22,67
1948,1948 Summer Olympics,Football,18,22,22,62
1948,1948 Summer Olympics,Hockey,20,19,22,61
1948,1948 Summer Olympics,Modern Pentathlon,1,1,1,3
1948,1948 Summer Olympics,Rowing,26,26,26,78
1948,1948 Summer Olympics,Sailing,13,14,13,40
1948,1948 Summer Olympics,Shooting,4,4,4,12
1948,1948 Summer Olympics,Swimming,24,21,21,66
1948,1948 Summer Olympics,Water Polo,11,11,11,33
1948,1948 Summer Olympics,Weightlifting,6,6,6,18
1948,1948 Summer Olympics,Wrestling,16,16,16,48
1948,1948 Winter Olympics,Alpine Skiing,6,6,7,19
1948,1948 Winter Olympics,Bobsleigh,6,6,6,18
1948,1948 Winter Olympics,Cross Country Skiing,6,6,6,18
1948,1948 Winter Olympics,Figure Skating,4,4,4,12
1948,1948 Winter Olympics,Ice Hockey,17,17,17,51
1948,1948 Winter Olympics,Nordic Combined,1,1,1,3
1948,1948 Winter Olympics,Skeleton,1,1,1,3
1948,1948 Winter Olympics,Ski Jumping,1,1,1,3
1948,1948 Winter Olympics,Speed Skating,4,6,3,13
1952,1952 Summer Olympics,Artistic Gymnastics,36,39,35,110
1952,1952 Summer Olympics,Athletics,51,53,52,156
1952,1952 Summer Olympics,Basketball,14,14,12,40
1952,1952 Summer Olympics,Boxing,10,10,20,40
1952,1952 Summer Olympics,Canoe Marathon,6,6,6,18
1952,1952 Summer Olympics,Canoe Sprint,7,7,7,21
1952,1952 Summer Olympics,Cycling Road,5,5,5,15
1952,1952 Summer Olympics,Cycling Track,8,8,8,24
1952,1952 Summer Olympics,Diving,4,4,4,12
1952,1952 Summer Olympics,Equestrian Dressage,4,4,4,12
1952,1952 Summer Olympics,Equestrian Eventing,4,4,4,12
1952,1952 Summer Olympics,Equestrian Jumping,4,4,4,12
1952,1952 Summer Olympics,Fencing,22,22,22,66
1952,1952 Summer Olympics,Football,20,20,20,60
1952,1952 Summer Olympics,Hockey,18,11,16,45
1952,1952 Summer Olympics,Modern Pentathlon,4,4,4,12
1952,1952 Summer Olympics,Rowing,26,26,26,78
1952,1952 Summer Olympics,Sailing,16,14,14,44
1952,1952 Summer Olympics,Shooting,7,7,7,21
1952,1952 Summer Olympics,Swimming,25,22,21,68
1952,1952 Summer Olympics,Water Polo,13,11,11,35
1952,1952 Summer Olympics,Weightlifting,7,7,7,21
1952,1952 Summer Olympics,Wrestling,16,16,16,48
1952,1952 Winter Olympics,Alpine Skiing,6,6,6,18
1952,1952 Winter Olympics,Bobsleigh,6,6,6,18
1952,1952 Winter Olympics,Cross Country Skiing,7,7,7,21
1952,1952 Winter Olympics,Figure Skating,4,4,4,12
1952,1952 Winter Olympics,Ice Hockey,16,15,17,48
1952,1952 Winter Olympics,Nordic Combined,1,1,1,3
1952,1952 Winter Olympics,Ski Jumping,1,1,1,3
1952,1952 Winter Olympics,Speed Skating,4,4,5,13
1956,1956 Equestrian Olympics,Equestrian Dressage,4,4,4,12
1956,1956 Equestrian Olympics,Equestrian Eventing,4,4,4,12
1956,1956 Equestrian Olympics,Equestrian Jumping,4,4,4,12
1956,1956 Summer Olympics,Artistic Gymnastics,32,31,37,100
1956,1956 Summer Olympics,Athletics,52,51,51,154
1956,1956 Summer Olympics,Basketball,12,12,12,36
1956,1956 Summer Olympics,Boxing,10,10,20,40
1956,1956 Summer Olympics,Canoe Marathon,6,6,6,18
1956,1956 Summer Olympics,Canoe Sprint,7,7,7,21
1956,1956 Summer Olympics,Cycling Road,5,5,5,15
1956,1956 Summer Olympics,Cycling Track,9,8,8,25
1956,1956 Summer Olympics,Diving,4,4,4,12
1956,1956 Summer Olympics,Fencing,22,22,22,66
1956,1956 Summer Olympics,Football,20,17,15,52
1956,1956 Summer Olympics,Hockey,18,18,15,51
1956,1956 Summer Olympics,Modern Pentathlon,4,4,4,12
1956,1956 Summer Olympics,Rowing,26,26,26,78
1956,1956 Summer Olympics,Sailing,11,12,11,34
1956,1956 Summer Olympics,Shooting,7,7,7,21
1956,1956 Summer Olympics,Swimming,28,25,21,74
1956,1956 Summer Olympics,Water Polo,12,11,11,34
1956,1956 Summer Olympics,Weightlifting,7,7,7,21
1956,1956 Summer Olympics,Wrestling,16,16,16,48
1956,1956 Winter Olympics,Alpine Skiing,6,6,6,18
1956,1956 Winter Olympics,Bobsleigh,6,6,6,18
1956,1956 Winter Olympics,Cross Country Skiing,11,11,11,33
1956,1956 Winter Olympics,Figure Skating,4,4,4,12
1956,1956 Winter Olympics,Ice Hockey,17,18,17,52
1956,1956 Winter Olympics,Nordic Combined,1,1,1,3
1956,1956 Winter Olympics,Ski Jumping,1,1,1,3
1956,1956 Winter Olympics,Speed Skating,5,3,4,12
1960,1960 Summer Olympics,Artistic Gymnastics,26,22,25,73
1960,1960 Summer Olympics,Athletics,49,50,48,147
1960,1960 Summer Olympics,Basketball,12,12,12,36
1960,1960 Summer Olympics,Boxing,10,10,20,40
1960,1960 Summer Olympics,Canoe Sprint,13,13,13,39
1960,1960 Summer Olympics,Cycling Road,5,5,5,15
1960,1960 Summer Olympics,Cycling Track,8,8,8,24
1960,1960 Summer Olympics,Diving,4,4,4,12
1960,1960 Summer Olympics,Equestrian Dressage,1,1,1,3
1960,1960 Summer Olympics,Equestrian Eventing,5,5,5,15
1960,1960 Summer Olympics,Equestrian Jumping,4,4,4,12
1960,1960 Summer Olympics,Fencing,28,27,25,80
1960,1960 Summer Olympics,Football,18,19,19,56
1960,1960 Summer Olympics,Hockey,18,21,18,57
1960,1960 Summer Olympics,Modern Pentathlon,4,4,4,12
1960,1960 Summer Olympics,Rowing,26,26,26,78
1960,1960 Summer Olympics,Sailing,11,11,12,34
1960,1960 Summer Olympics,Shooting,6,6,6,18
1960,1960 Summer Olympics,Swimming,40,34,31,105
1960,1960 Summer Olympics,Water Polo,12,11,14,37
1960,1960 Summer Olympics,Weightlifting,7,7,7,21
1960,1960 Summer Olympics,Wrestling,16,16,16,48
1960,1960 Winter Olympics,Alpine Skiing,6,6,6,18
1960,1960 Winter Olympics,Biathlon,1,1,1,3
1960,1960 Winter Olympics,Cross Country Skiing,11,11,11,33
1960,1960 Winter Olympics,Figure Skating,4,4,4,12
1960,1960 Winter Olympics,Ice Hockey,17,17,17,51
1960,1960 Winter Olympics,Nordic Combined,1,1,1,3
1960,1960 Winter Olympics,Ski Jumping,1,1,1,3
1960,1960 Winter Olympics,Speed Skating,9,7,8,24
1964,1964 Summer Olympics,Artistic Gymnastics,24,28,21,73
1964,1964 Summer Olympics,Athletics,51,51,51,153
1964,1964 Summer Olympics,Basketball,12,12,12,36
1964,1964 Summer Olympics,Boxing,10,10,20,40
1964,1964 Summer Olympics,Canoe Sprint,13,13,13,39
1964,1964 Summer Olympics,Cycling Road,5,5,5,15
1964,1964 Summer Olympics,Cycling Track,9,9,9,27
1964,1964 Summer Olympics,Diving,4,4,4,12
1964,1964 Summer Olympics,Equestrian Dressage,4,4,4,12
1964,1964 Summer Olympics,Equestrian Eventing,5,5,5,15
1964,1964 Summer Olympics,Equestrian Jumping,4,4,4,12
1964,1964 Summer Olympics,Fencing,24,25,25,74
1964,1964 Summer Olympics,Football,19,17,20,56
1964,1964 Summer Olympics,Hockey,18,18,16,52
1964,1964 Summer Olympics,Judo,4,4,8,16
1964,1964 Summer Olympics,Modern Pentathlon,4,4,4,12
1964,1964 Summer Olympics,Rowing,26,26,27,79
1964,1964 Summer Olympics,Sailing,11,11,11,33
1964,1964 Summer Olympics,Shooting,6,6,6,18
1964,1964 Summer Olympics,Swimming,50,35,36,121
1964,1964 Summer Olympics,Volleyball,24,24,24,72
1964,1964 Summer Olympics,Water Polo,12,11,11,34
1964,1964 Summer Olympics,Weightlifting,7,7,7,21
1964,1964 Summer Olympics,Wrestling,16,16,16,48
1964,1964 Winter Olympics,Alpine Skiing,6,7,5,18
1964,1964 Winter Olympics,Biathlon,1,1,1,3
1964,1964 Winter Olympics,Bobsleigh,6,6,6,18
1964,1964 Winter Olympics,Cross Country Skiing,12,12,12,36
1964,1964 Winter Olympics,Figure Skating,4,6,4,14
1964,1964 Winter Olympics,Ice Hockey,17,17,17,51
1964,1964 Winter Olympics,Luge,4,4,4,12
1964,1964 Winter Olympics,Nordic Combined,1,1,1,3
1964,1964 Winter Olympics,Ski Jumping,2,2,2,6
1964,1964 Winter Olympics,Speed Skating,8,11,6,25
1968,1968 Summer Olympics,Artistic Gymnastics,26,22,24,72
1968,1968 Summer Olympics,Athletics,51,51,51,153
1968,1968 Summer Olympics,Basketball,12,12,12,36
1968,1968 Summer Olympics,Boxing,11,11,22,44
1968,1968 Summer Olympics,Canoe Sprint,13,13,13,39
1968,1968 Summer Olympics,Cycling Road,5,5,5,15
1968,1968 Summer Olympics,Cycling Track,10,10,10,30
1968,1968 Summer Olympics,Diving,4,4,4,12
1968,1968 Summer Olympics,Equestrian Dressage,4,4,4,12
1968,1968 Summer Olympics,Equestrian Eventing,5,5,5,15
1968,1968 Summer Olympics,Equestrian Jumping,4,4,4,12
1968,1968 Summer Olympics,Fencing,24,28,24,76
1968,1968 Summer Olympics,Football,19,19,18,56
1968,1968 Summer Olympics,Hockey,18,16,17,51
1968,1968 Summer Olympics,Modern Pentathlon,4,4,4,12
1968,1968 Summer Olympics,Rowing,27,26,26,79
1968,1968 Summer Olympics,Sailing,11,11,11,33
1968,1968 Summer Olympics,Shooting,7,7,7,21
1968,1968 Summer Olympics,Swimming,60,47,48,155
1968,1968 Summer Olympics,Volleyball,24,24,24,72
1968,1968 Summer Olympics,Water Polo,11,11,11,33
1968,1968 Summer Olympics,Weightlifting,7,7,7,21
1968,1968 Summer Olympics,Wrestling,16,16,16,48
1968,1968 Winter Olympics,Alpine Skiing,6,6,6,18
1968,1968 Winter Olympics,Biathlon,5,5,5,15
1968,1968 Winter Olympics,Bobsleigh,6,6,6,18
1968,1968 Winter Olympics,Cross Country Skiing,12,12,12,36
1968,1968 Winter Olympics,Figure Skating,4,4,4,12
1968,1968 Winter Olympics,Ice Hockey,18,18,18,54
1968,1968 Winter Olympics,Luge,4,4,4,12
1968,1968 Winter Olympics,Nordic Combined,1,1,1,3
1968,1968 Winter Olympics,Ski Jumping,2,2,2,6
1968,1968 Winter Olympics,Speed Skating,8,12,5,25
1972,1972 Summer Olympics,Archery,2,2,2,6
1972,1972 Summer Olympics,Artistic Gymnastics,24,25,23,72
1972,1972 Summer Olympics,Athletics,58,58,56,172
1972,1972 Summer Olympics,Basketball,12,12,12,36
1972,1972 Summer Olympics,Boxing,11,11,22,44
1972,1972 Summer Olympics,Canoe Slalom,5,5,5,15
1972,1972 Summer Olympics,Canoe Sprint,13,13,13,39
1972,1972 Summer Olympics,Cycling Road,5,5,0,10
1972,1972 Summer Olympics,Cycling Track,10,9,9,28
1972,1972 Summer Olympics,Diving,4,4,4,12
1972,1972 Summer Olympics,Equestrian Dressage,4,4,4,12
1972,1972 Summer Olympics,Equestrian Eventing,5,5,5,15
1972,1972 Summer Olympics,Equestrian Jumping,5,5,5,15
1972,1972 Summer Olympics,Fencing,24,24,24,72
1972,1972 Summer Olympics,Football,19,19,38,76
1972,1972 Summer Olympics,Handball,16,16,16,48
1972,1972 Summer Olympics,Hockey,18,18,18,54
1972,1972 Summer Olympics,Judo,6,5,12,23
1972,1972 Summer Olympics,Modern Pentathlon,4,4,4,12
1972,1972 Summer Olympics,Rowing,26,26,26,78
1972,1972 Summer Olympics,Sailing,13,14,13,40
1972,1972 Summer Olympics,Shooting,8,8,8,24
1972,1972 Summer Olympics,Swimming,61,52,55,168
1972,1972 Summer Olympics,Volleyball,24,24,24,72
1972,1972 Summer Olympics,Water Polo,11,11,11,33
1972,1972 Summer Olympics,Weightlifting,9,9,9,27
1972,1972 Summer Olympics,Wrestling,20,20,20,60
1972,1972 Winter Olympics,Alpine Skiing,6,6,6,18
1972,1972 Winter Olympics,Biathlon,5,5,5,15
1972,1972 Winter Olympics,Bobsleigh,6,6,6,18
1972,1972 Winter Olympics,Cross Country Skiing,12,12,12,36
1972,1972 Winter Olympics,Figure Skating,4,4,4,12
1972,1972 Winter Olympics,Ice Hockey,20,20,21,61
1972,1972 Winter Olympics,Luge,6,2,4,12
1972,1972 Winter Olympics,Nordic Combined,1,1,1,3
1972,1972 Winter Olympics,Ski Jumping,2,2,2,6
1972,1972 Winter Olympics,Speed Skating,8,8,8,24
1976,1976 Summer Olympics,Archery,2,2,2,6
1976,1976 Summer Olympics,Artistic Gymnastics,24,25,25,74
1976,1976 Summer Olympics,Athletics,57,57,57,171
1976,1976 Summer Olympics,Basketball,24,24,24,72
1976,1976 Summer Olympics,Boxing,11,11,22,44
1976,1976 Summer Olympics,Canoe Sprint,19,19,19,57
1976,1976 Summer Olympics,Cycling Road,5,5,5,15
1976,1976 Summer Olympics,Cycling Track,7,7,7,21
1976,1976 Summer Olympics,Diving,4,4,4,12
1976,1976 Summer Olympics,Equestrian Dressage,4,4,4,12
1976,1976 Summer Olympics,Equestrian Eventing,5,5,5,15
1976,1976 Summer Olympics,Equestrian Jumping,5,5,5,15
1976,1976 Summer Olympics,Fencing,24,24,24,72
1976,1976 Summer Olympics,Football,17,17,17,51
1976,1976 Summer Olympics,Handball,28,28,28,84
1976,1976 Summer Olympics,Hockey,16,16,16,48
1976,1976 Summer Olympics,Judo,6,6,12,24
1976,1976 Summer Olympics,Modern Pentathlon,4,4,4,12
1976,1976 Summer Olympics,Rowing,55,54,54,163
1976,1976 Summer Olympics,Sailing,12,12,12,36
1976,1976 Summer Olympics,Shooting,7,7,7,21
1976,1976 Summer Olympics,Swimming,49,43,43,135
1976,1976 Summer Olympics,Volleyball,24,24,24,72
1976,1976 Summer Olympics,Water Polo,11,11,11,33
1976,1976 Summer Olympics,Weightlifting,9,9,9,27
1976,1976 Summer Olympics,Wrestling,20,20,20,60
1976,1976 Winter Olympics,Alpine Skiing,6,6,6,18
1976,1976 Winter Olympics,Biathlon,5,5,5,15
1976,1976 Winter Olympics,Bobsleigh,6,6,6,18
1976,1976 Winter Olympics,Cross Country Skiing,13,13,13,39
1976,1976 Winter Olympics,Figure Skating,6,6,6,18
1976,1976 Winter Olympics,Ice Hockey,18,19,18,55
1976,1976 Winter Olympics,Luge,4,4,4,12
1976,1976 Winter Olympics,Nordic Combined,1,1,1,3
1976,1976 Winter Olympics,Ski Jumping,2,2,2,6
1976,1976 Winter Olympics,Speed Skating,9,9,9,27
1980,1980 Summer Olympics,Archery,2,2,2,6
1980,1980 Summer Olympics,Artistic Gymnastics,25,24,26,75
1980,1980 Summer Olympics,Athletics,58,59,57,174
1980,1980 Summer Olympics,Basketball,24,24,24,72
1980,1980 Summer Olympics,Boxing,11,11,22,44
1980,1980 Summer Olympics,Canoe Sprint,19,19,19,57
1980,1980 Summer Olympics,Cycling Road,5,5,5,15
1980,1980 Summer Olympics,Cycling Track,8,7,7,22
1980,1980 Summer Olympics,Diving,4,4,4,12
1980,1980 Summer Olympics,Equestrian Dressage,4,4,4,12
1980,1980 Summer Olympics,Equestrian Eventing,5,5,5,15
1980,1980 Summer Olympics,Equestrian Jumping,5,5,5,15
1980,1980 Summer Olympics,Fencing,24,24,23,71
1980,1980 Summer Olympics,Football,17,17,17,51
1980,1980 Summer Olympics,Handball,28,28,28,84
1980,1980 Summer Olympics,Hockey,32,32,32,96
1980,1980 Summer Olympics,Judo,8,8,16,32
1980,1980 Summer Olympics,Modern Pentathlon,4,4,4,12
1980,1980 Summer Olympics,Rowing,55,55,55,165
1980,1980 Summer Olympics,Sailing,12,12,12,36
1980,1980 Summer Olympics,Shooting,7,7,7,21
1980,1980 Summer Olympics,Swimming,45,45,44,134
1980,1980 Summer Olympics,Volleyball,24,24,24,72
1980,1980 Summer Olympics,Water Polo,11,11,11,33
1980,1980 Summer Olympics,Weightlifting,10,10,10,30
1980,1980 Summer Olympics,Wrestling,20,20,20,60
1980,1980 Winter Olympics,Alpine Skiing,6,6,6,18
1980,1980 Winter Olympics,Biathlon,6,6,6,18
1980,1980 Winter Olympics,Bobsleigh,6,6,6,18
1980,1980 Winter Olympics,Cross Country Skiing,13,13,13,39
1980,1980 Winter Olympics,Figure Skating,6,6,6,18
1980,1980 Winter Olympics,Ice Hockey,20,20,20,60
1980,1980 Winter Olympics,Luge,4,4,4,12
1980,1980 Winter Olympics,Nordic Combined,1,1,1,3
1980,1980 Winter Olympics,Ski Jumping,2,3,1,6
1980,1980 Winter Olympics,Speed Skating,9,9,10,28
1984,1984 Summer Olympics,Archery,2,2,2,6
1984,1984 Summer Olympics,Artistic Gymnastics,28,23,24,75
1984,1984 Summer Olympics,Artistic Swimming,3,3,3,9
1984,1984 Summer Olympics,Athletics,64,59,64,187
1984,1984 Summer Olympics,Basketball,24,24,24,72
1984,1984 Summer Olympics,Boxing,12,12,24,48
1984,1984 Summer Olympics,Canoe Sprint,23,23,23,69
1984,1984 Summer Olympics,Cycling Road,6,6,6,18
1984,1984 Summer Olympics,Cycling Track,8,9,8,25
1984,1984 Summer Olympics,Diving,4,4,4,12
1984,1984 Summer Olympics,Equestrian Dressage,4,4,4,12
1984,1984 Summer Olympics,Equestrian Eventing,5,5,5,15
1984,1984 Summer Olympics,Equestrian Jumping,5,5,5,15
1984,1984 Summer Olympics,Fencing,25,24,24,73
1984,1984 Summer Olympics,Football,17,17,17,51
1984,1984 Summer Olympics,Handball,30,30,30,90
1984,1984 Summer Olympics,Hockey,32,32,32,96
1984,1984 Summer Olympics,Judo,8,8,16,32
1984,1984 Summer Olympics,Modern Pentathlon,4,4,4,12
1984,1984 Summer Olympics,Rhythmic Gymnastics,1,1,1,3
1984,1984 Summer Olympics,Rowing,54,54,54,162
1984,1984 Summer Olympics,Sailing,13,13,13,39
1984,1984 Summer Olympics,Shooting,11,11,11,33
1984,1984 Summer Olympics,Swimming,59,50,50,159
1984,1984 Summer Olympics,Volleyball,24,24,24,72
1984,1984 Summer Olympics,Water Polo,13,13,13,39
1984,1984 Summer Olympics,Weightlifting,10,10,10,30
1984,1984 Summer Olympics,Wrestling,20,20,20,60
1984,1984 Winter Olympics,Alpine Skiing,6,6,6,18
1984,1984 Winter Olympics,Biathlon,6,6,6,18
1984,1984 Winter Olympics,Bobsleigh,6,6,6,18
1984,1984 Winter Olympics,Cross Country Skiing,14,14,14,42
1984,1984 Winter Olympics,Figure Skating,6,6,6,18
1984,1984 Winter Olympics,Ice Hockey,20,20,20,60
1984,1984 Winter Olympics,Luge,4,4,4,12
1984,1984 Winter Olympics,Nordic Combined,1,1,1,3
1984,1984 Winter Olympics,Ski Jumping,2,2,2,6
1984,1984 Winter Olympics,Speed Skating,9,9,9,27
1988,1988 Summer Olympics,Archery,8,8,8,24
1988,1988 Summer Olympics,Artistic Gymnastics,28,21,26,75
1988,1988 Summer Olympics,Artistic Swimming,3,3,3,9
1988,1988 Summer Olympics,Athletics,63,65,63,191
1988,1988 Summer Olympics,Basketball,24,24,24,72
1988,1988 Summer Olympics,Boxing,12,12,24,48
1988,1988 Summer Olympics,Canoe Sprint,23,23,23,69
1988,1988 Summer Olympics,Cycling Road,6,6,6,18
1988,1988 Summer Olympics,Cycling Track,10,10,10,30
1988,1988 Summer Olympics,Diving,4,4,4,12
1988,1988 Summer Olympics,Equestrian Dressage,5,5,5,15
1988,1988 Summer Olympics,Equestrian Eventing,5,5,5,15
1988,1988 Summer Olympics,Equestrian Jumping,5,5,5,15
1988,1988 Summer Olympics,Fencing,24,24,24,72
1988,1988 Summer Olympics,Football,20,20,20,60
1988,1988 Summer Olympics,Handball,30,30,30,90
1988,1988 Summer Olympics,Hockey,32,32,32,96
1988,1988 Summer Olympics,Judo,7,7,14,28
1988,1988 Summer Olympics,Modern Pentathlon,4,4,4,12
1988,1988 Summer Olympics,Rhythmic Gymnastics,1,1,1,3
1988,1988 Summer Olympics,Rowing,53,57,56,166
1988,1988 Summer Olympics,Sailing,15,15,15,45
1988,1988 Summer Olympics,Shooting,13,13,13,39
1988,1988 Summer Olympics,Swimming,57,53,57,167
1988,1988 Summer Olympics,Table Tennis,6,6,6,18
1988,1988 Summer Olympics,Tennis,6,6,12,24
1988,1988 Summer Olympics,Volleyball,24,24,24,72
1988,1988 Summer Olympics,Water Polo,13,13,13,39
1988,1988 Summer Olympics,Weightlifting,10,10,10,30
1988,1988 Summer Olympics,Wrestling,20,20,20,60
1988,1988 Winter Olympics,Alpine Skiing,10,10,10,30
1988,1988 Winter Olympics,Biathlon,6,6,6,18
1988,1988 Winter Olympics,Bobsleigh,6,6,6,18
1988,1988 Winter Olympics,Cross Country Skiing,14,14,14,42
1988,1988 Winter Olympics,Figure Skating,6,6,6,18
1988,1988 Winter Olympics,Ice Hockey,22,23,23,68
1988,1988 Winter Olympics,Luge,4,4,4,12
1988,1988 Winter Olympics,Nordic Combined,4,4,4,12
1988,1988 Winter Olympics,Ski Jumping,6,6,6,18
1988,1988 Winter Olympics,Speed Skating,10,10,10,30
1992,1992 Summer Olympics,Archery,8,8,8,24
1992,1992 Summer Olympics,Artistic Gymnastics,26,25,26,77
1992,1992 Summer Olympics,Artistic Swimming,4,2,3,9
1992,1992 Summer Olympics,Athletics,61,58,59,178
1992,1992 Summer Olympics,Badminton,6,6,12,24
1992,1992 Summer Olympics,Baseball,20,20,20,60
1992,1992 Summer Olympics,Basketball,24,24,24,72
1992,1992 Summer Olympics,Boxing,12,12,24,48
1992,1992 Summer Olympics,Canoe Slalom,5,5,5,15
1992,1992 Summer Olympics,Canoe Sprint,23,23,23,69
1992,1992 Summer Olympics,Cycling Road,6,6,6,18
1992,1992 Summer Olympics,Cycling Track,11,10,11,32
1992,1992 Summer Olympics,Diving,4,4,4,12
1992,1992 Summer Olympics,Equestrian Dressage,5,5,5,15
1992,1992 Summer Olympics,Equestrian Eventing,5,5,5,15
1992,1992 Summer Olympics,Equestrian Jumping,5,5,5,15
1992,1992 Summer Olympics,Fencing,24,24,24,72
1992,1992 Summer Olympics,Football,20,20,20,60
1992,1992 Summer Olympics,Handball,32,32,31,95
1992,1992 Summer Olympics,Hockey,32,32,32,96
1992,1992 Summer Olympics,Judo,14,14,28,56
1992,1992 Summer Olympics,Modern Pentathlon,4,4,4,12
1992,1992 Summer Olympics,Rhythmic Gymnastics,1,1,1,3
1992,1992 Summer Olympics,Rowing,52,52,53,157
1992,1992 Summer Olympics,Sailing,17,17,17,51
1992,1992 Summer Olympics,Shooting,13,13,13,39
1992,1992 Summer Olympics,Swimming,60,55,54,169
1992,1992 Summer Olympics,Table Tennis,6,6,12,24
1992,1992 Summer Olympics,Tennis,6,6,12,24
1992,1992 Summer Olympics,Volleyball,24,24,24,72
1992,1992 Summer Olympics,Water Polo,13,13,13,39
1992,1992 Summer Olympics,Weightlifting,10,10,9,29
1992,1992 Summer Olympics,Wrestling,20,20,20,60
1992,1992 Winter Olympics,Alpine Skiing,10,11,9,30
1992,1992 Winter Olympics,Biathlon,11,11,11,33
1992,1992 Winter Olympics,Bobsleigh,6,6,6,18
1992,1992 Winter Olympics,Cross Country Skiing,16,16,16,48
1992,1992 Winter Olympics,Figure Skating,6,6,6,18
1992,1992 Winter Olympics,Freestyle Skiing,2,2,2,6
1992,1992 Winter Olympics,Ice Hockey,23,23,23,69
1992,1992 Winter Olympics,Luge,4,4,4,12
1992,1992 Winter Olympics,Nordic Combined,4,4,4,12
1992,1992 Winter Olympics,Short Track Speed Skating,12,12,12,36
1992,1992 Winter Olympics,Ski Jumping,6,6,6,18
1992,1992 Winter Olympics,Speed Skating,10,10,10,30
1994,1994 Winter Olympics,Alpine Skiing,10,10,10,30
1994,1994 Winter Olympics,Biathlon,12,12,12,36
1994,1994 Winter Olympics,Bobsleigh,6,6,6,18
1994,1994 Winter Olympics,Cross Country Skiing,16,16,16,48
1994,1994 Winter Olympics,Figure Skating,6,6,6,18
1994,1994 Winter Olympics,Freestyle Skiing,4,4,4,12
1994,1994 Winter Olympics,Ice Hockey,23,23,23,69
1994,1994 Winter Olympics,Luge,4,4,4,12
1994,1994 Winter Olympics,Nordic Combined,4,4,4,12
1994,1994 Winter Olympics,Short Track Speed Skating,14,14,14,42
1994,1994 Winter Olympics,Ski Jumping,6,6,6,18
1994,1994 Winter Olympics,Speed Skating,10,10,10,30
1996,1996 Summer Olympics,Archery,8,8,8,24
1996,1996 Summer Olympics,Artistic Gymnastics,26,28,26,80
1996,1996 Summer Olympics,Artistic Swimming,10,9,10,29
1996,1996 Summer Olympics,Athletics,60,60,60,180
1996,1996 Summer Olympics,Badminton,8,8,8,24
1996,1996 Summer Olympics,Baseball,20,20,20,60
1996,1996 Summer Olympics,Basketball,24,24,24,72
1996,1996 Summer Olympics,Beach Volleyball,4,4,4,12
1996,1996 Summer Olympics,Boxing,12,12,24,48
1996,1996 Summer Olympics,Canoe Slalom,5,5,5,15
1996,1996 Summer Olympics,Canoe Sprint,23,23,23,69
1996,1996 Summer Olympics,Cycling Mountain Bike,2,2,2,6
1996,1996 Summer Olympics,Cycling Road,4,4,4,12
1996,1996 Summer Olympics,Cycling Track,11,11,12,34
1996,1996 Summer Olympics,Diving,4,4,4,12
1996,1996 Summer Olympics,Equestrian Dressage,5,5,5,15
1996,1996 Summer Olympics,Equestrian Eventing,5,5,5,15
1996,1996 Summer Olympics,Equestrian Jumping,5,5,5,15
1996,1996 Summer Olympics,Fencing,20,21,20,61
1996,1996 Summer Olympics,Football,41,40,41,122
1996,1996 Summer Olympics,Handball,32,32,32,96
1996,1996 Summer Olympics,Hockey,32,32,32,96
1996,1996 Summer Olympics,Judo,14,14,28,56
1996,1996 Summer Olympics,Modern Pentathlon,1,1,1,3
1996,1996 Summer Olympics,Rhythmic Gymnastics,7,7,7,21
1996,1996 Summer Olympics,Rowing,48,48,48,144
1996,1996 Summer Olympics,Sailing,16,16,16,48
1996,1996 Summer Olympics,Shooting,15,15,15,45
1996,1996 Summer Olympics,Softball,15,15,15,45
1996,1996 Summer Olympics,Swimming,66,59,56,181
1996,1996 Summer Olympics,Table Tennis,6,6,6,18
1996,1996 Summer Olympics,Tennis,6,6,6,18
1996,1996 Summer Olympics,Volleyball,24,24,24,72
1996,1996 Summer Olympics,Water Polo,13,13,13,39
1996,1996 Summer Olympics,Weightlifting,10,10,10,30
1996,1996 Summer Olympics,Wrestling,20,20,20,60
1998,1998 Winter Olympics,Alpine Skiing,10,11,9,30
1998,1998 Winter Olympics,Biathlon,12,12,12,36
1998,1998 Winter Olympics,Bobsleigh,8,4,10,22
1998,1998 Winter Olympics,Cross Country Skiing,16,16,16,48
1998,1998 Winter Olympics,Curling,10,10,10,30
1998,1998 Winter Olympics,Figure Skating,6,6,6,18
1998,1998 Winter Olympics,Freestyle Skiing,4,4,4,12
1998,1998 Winter Olympics,Ice Hockey,43,43,43,129
1998,1998 Winter Olympics,Luge,4,4,4,12
1998,1998 Winter Olympics,Nordic Combined,5,5,5,15
1998,1998 Winter Olympics,Short Track Speed Skating,14,14,14,42
1998,1998 Winter Olympics,Ski Jumping,6,6,6,18
1998,1998 Winter Olympics,Snowboarding,4,4,4,12
1998,1998 Winter Olympics,Speed Skating,10,10,10,30
2000,2000 Summer Olympics,Archery,8,8,8,24
2000,2000 Summer Olympics,Artistic Gymnastics,24,24,24,72
2000,2000 Summer Olympics,Artistic Swimming,10,11,10,31
2000,2000 Summer Olympics,Athletics,63,65,63,191
2000,2000 Summer Olympics,Badminton,8,8,8,24
2000,2000 Summer Olympics,Baseball,24,24,24,72
2000,2000 Summer Olympics,Basketball,24,24,24,72
2000,2000 Summer Olympics,Beach Volleyball,4,4,4,12
2000,2000 Summer Olympics,Boxing,12,12,24,48
2000,2000 Summer Olympics,Canoe Slalom,5,5,5,15
2000,2000 Summer Olympics,Canoe Sprint,23,23,23,69
2000,2000 Summer Olympics,Cycling Mountain Bike,2,2,2,6
2000,2000 Summer Olympics,Cycling Road,4,4,3,11
2000,2000 Summer Olympics,Cycling Track,19,18,19,56
2000,2000 Summer Olympics,Diving,12,12,12,36
2000,2000 Summer Olympics,Equestrian Dressage,5,5,5,15
2000,2000 Summer Olympics,Equestrian Eventing,5,5,5,15
2000,2000 Summer Olympics,Equestrian Jumping,5,5,5,15
2000,2000 Summer Olympics,Fencing,23,22,21,66
2000,2000 Summer Olympics,Football,41,44,44,129
2000,2000 Summer Olympics,Handball,30,30,30,90
2000,2000 Summer Olympics,Hockey,32,32,32,96
2000,2000 Summer Olympics,Judo,14,14,28,56
2000,2000 Summer Olympics,Modern Pentathlon,2,2,2,6
2000,2000 Summer Olympics,Rhythmic Gymnastics,7,7,7,21
2000,2000 Summer Olympics,Rowing,48,48,48,144
2000,2000 Summer Olympics,Sailing,18,18,18,54
2000,2000 Summer Olympics,Shooting,17,17,17,51
2000,2000 Summer Olympics,Softball,15,15,15,45
2000,2000 Summer Olympics,Swimming,66,63,56,185
2000,2000 Summer Olympics,Table Tennis,6,6,6,18
2000,2000 Summer Olympics,Taekwondo,8,8,8,24
2000,2000 Summer Olympics,Tennis,6,6,6,18
2000,2000 Summer Olympics,Trampolining,2,2,2,6
2000,2000 Summer Olympics,Triathlon,2,2,2,6
2000,2000 Summer Olympics,Volleyball,24,24,24,72
2000,2000 Summer Olympics,Water Polo,26,26,26,78
2000,2000 Summer Olympics,Weightlifting,15,15,15,45
2000,2000 Summer Olympics,Wrestling,16,16,16,48
2002,2002 Winter Olympics,Alpine Skiing,10,10,10,30
2002,2002 Winter Olympics,Biathlon,14,14,14,42
2002,2002 Winter Olympics,Bobsleigh,8,8,8,24
2002,2002 Winter Olympics,Cross Country Skiing,19,17,18,54
2002,2002 Winter Olympics,Curling,10,10,10,30
2002,2002 Winter Olympics,Figure Skating,8,4,6,18
2002,2002 Winter Olympics,Freestyle Skiing,4,4,4,12
2002,2002 Winter Olympics,Ice Hockey,43,43,43,129
2002,2002 Winter Olympics,Luge,4,4,4,12
2002,2002 Winter Olympics,Nordic Combined,6,6,6,18
2002,2002 Winter Olympics,Short Track Speed Skating,16,16,16,48
2002,2002 Winter Olympics,Skeleton,2,2,2,6
2002,2002 Winter Olympics,Ski Jumping,6,6,6,18
2002,2002 Winter Olympics,Snowboarding,4,4,4,12
2002,2002 Winter Olympics,Speed Skating,10,10,10,30
2004,2004 Summer Olympics,Archery,8,8,8,24
2004,2004 Summer Olympics,Artistic Gymnastics,24,24,24,72
2004,2004 Summer Olympics,Artistic Swimming,11,11,11,33
2004,2004 Summer Olympics,Athletics,67,66,65,198
2004,2004 Summer Olympics,Badminton,8,8,8,24
2004,2004 Summer Olympics,Baseball,24,24,24,72
2004,2004 Summer Olympics,Basketball,24,24,24,72
2004,2004 Summer Olympics,Beach Volleyball,4,4,4,12
2004,2004 Summer Olympics,Boxing,11,11,22,44
2004,2004 Summer Olympics,Canoe Slalom,5,5,5,15
2004,2004 Summer Olympics,Canoe Sprint,23,23,23,69
2004,2004 Summer Olympics,Cycling Mountain Bike,2,2,2,6
2004,2004 Summer Olympics,Cycling Road,4,4,4,12
2004,2004 Summer Olympics,Cycling Track,20,20,18,58
2004,2004 Summer Olympics,Diving,12,12,12,36
2004,2004 Summer Olympics,Equestrian Dressage,5,5,5,15
2004,2004 Summer Olympics,Equestrian Eventing,6,6,6,18
2004,2004 Summer Olympics,Equestrian Jumping,5,5,5,15
2004,2004 Summer Olympics,Fencing,20,20,21,61
2004,2004 Summer Olympics,Football,44,41,44,129
2004,2004 Summer Olympics,Handball,30,30,30,90
2004,2004 Summer Olympics,Hockey,32,32,32,96
2004,2004 Summer Olympics,Judo,14,14,28,56
2004,2004 Summer Olympics,Modern Pentathlon,2,2,2,6
2004,2004 Summer Olympics,Rhythmic Gymnastics,7,7,7,21
2004,2004 Summer Olympics,Rowing,48,48,48,144
2004,2004 Summer Olympics,Sailing,18,18,18,54
2004,2004 Summer Olympics,Shooting,17,17,17,51
2004,2004 Summer Olympics,Softball,15,15,15,45
2004,2004 Summer Olympics,Swimming,63,63,59,185
2004,2004 Summer Olympics,Table Tennis,6,6,6,18
2004,2004 Summer Olympics,Taekwondo,8,8,8,24
2004,2004 Summer Olympics,Tennis,6,6,6,18
2004,2004 Summer Olympics,Trampolining,2,2,2,6
2004,2004 Summer Olympics,Triathlon,2,2,2,6
2004,2004 Summer Olympics,Volleyball,24,24,24,72
2004,2004 Summer Olympics,Water Polo,26,26,26,78
2004,2004 Summer Olympics,Weightlifting,15,15,15,45
2004,2004 Summer Olympics,Wrestling,18,18,18,54
2006,2006 Winter Olympics,Alpine Skiing,10,10,10,30
2006,2006 Winter Olympics,Biathlon,16,16,16,48
2006,2006 Winter Olympics,Bobsleigh,8,8,8,24
2006,2006 Winter Olympics,Cross Country Skiing,20,20,20,60
2006,2006 Winter Olympics,Curling,10,10,10,30
2006,2006 Winter Olympics,Figure Skating,6,6,6,18
2006,2006 Winter Olympics,Freestyle Skiing,4,4,4,12
2006,2006 Winter Olympics,Ice Hockey,44,44,45,133
2006,2006 Winter Olympics,Luge,4,4,4,12
2006,2006 Winter Olympics,Nordic Combined,6,6,6,18
2006,2006 Winter Olympics,Short Track Speed Skating,16,16,16,48
2006,2006 Winter Olympics,Skeleton,2,2,2,6
2006,2006 Winter Olympics,Ski Jumping,6,6,6,18
2006,2006 Winter Olympics,Snowboarding,6,6,6,18
2006,2006 Winter Olympics,Speed Skating,20,20,20,60
2008,2008 Summer Olympics,Archery,8,8,8,24
2008,2008 Summer Olympics,Artistic Gymnastics,24,24,24,72
2008,2008 Summer Olympics,Artistic Swimming,11,11,11,33
2008,2008 Summer Olympics,Athletics,68,66,65,199
2008,2008 Summer Olympics,Badminton,8,8,8,24
2008,2008 Summer Olympics,Baseball,24,24,24,72
2008,2008 Summer Olympics,Basketball,24,24,24,72
2008,2008 Summer Olympics,Beach Volleyball,4,4,4,12
2008,2008 Summer Olympics,Boxing,11,11,22,44
2008,2008 Summer Olympics,Canoe Slalom,5,5,5,15
2008,2008 Summer Olympics,Canoe Sprint,23,23,23,69
2008,2008 Summer Olympics,Cycling BMX Racing,2,2,2,6
2008,2008 Summer Olympics,Cycling Mountain Bike,2,2,2,6
2008,2008 Summer Olympics,Cycling Road,4,4,4,12
2008,2008 Summer Olympics,Cycling Track,16,18,17,51
2008,2008 Summer Olympics,Diving,12,12,12,36
2008,2008 Summer Olympics,Equestrian Dressage,4,4,4,12
2008,2008 Summer Olympics,Equestrian Eventing,6,6,6,18
2008,2008 Summer Olympics,Equestrian Jumping,5,5,5,15
2008,2008 Summer Olympics,Fencing,20,21,22,63
2008,2008 Summer Olympics,Football,37,36,36,109
2008,2008 Summer Olympics,Handball,29,28,28,85
2008,2008 Summer Olympics,Hockey,36,36,36,108
2008,2008 Summer Olympics,Judo,14,14,28,56
2008,2008 Summer Olympics,Marathon Swimming,2,2,2,6
2008,2008 Summer Olympics,Modern Pentathlon,2,2,2,6
2008,2008 Summer Olympics,Rhythmic Gymnastics,7,7,7,21
2008,2008 Summer Olympics,Rowing,48,48,48,144
2008,2008 Summer Olympics,Sailing,18,18,18,54
2008,2008 Summer Olympics,Shooting,15,15,15,45
2008,2008 Summer Olympics,Softball,15,15,15,45
2008,2008 Summer Olympics,Swimming,69,64,61,194
2008,2008 Summer Olympics,Table Tennis,8,8,8,24
2008,2008 Summer Olympics,Taekwondo,8,8,16,32
2008,2008 Summer Olympics,Tennis,6,6,6,18
2008,2008 Summer Olympics,Trampolining,2,2,2,6
2008,2008 Summer Olympics,Triathlon,2,2,2,6
2008,2008 Summer Olympics,Volleyball,24,24,24,72
2008,2008 Summer Olympics,Water Polo,26,26,26,78
2008,2008 Summer Olympics,Weightlifting,15,15,15,45
2008,2008 Summer Olympics,Wrestling,18,18,35,71
2010,2010 Winter Olympics,Alpine Skiing,10,10,10,30
2010,2010 Winter Olympics,Biathlon,16,17,15,48
2010,2010 Winter Olympics,Bobsleigh,8,8,8,24
2010,2010 Winter Olympics,Cross Country Skiing,20,20,20,60
2010,2010 Winter Olympics,Curling,10,10,10,30
2010,2010 Winter Olympics,Figure Skating,6,6,6,18
2010,2010 Winter Olympics,Freestyle Skiing,6,6,6,18
2010,2010 Winter Olympics,Ice Hockey,44,44,44,132
2010,2010 Winter Olympics,Luge,4,4,4,12
2010,2010 Winter Olympics,Nordic Combined,6,6,6,18
2010,2010 Winter Olympics,Short Track Speed Skating,16,16,16,48
2010,2010 Winter Olympics,Skeleton,2,2,2,6
2010,2010 Winter Olympics,Ski Jumping,6,6,6,18
2010,2010 Winter Olympics,Snowboarding,6,6,6,18
2010,2010 Winter Olympics,Speed Skating,18,18,18,54
2012,2012 Summer Olympics,Archery,8,8,8,24
2012,2012 Summer Olympics,Artistic Gymnastics,22,22,22,66
2012,2012 Summer Olympics,Artistic Swimming,11,11,11,33
2012,2012 Summer Olympics,Athletics,64,66,58,188
2012,2012 Summer Olympics,Badminton,8,8,8,24
2012,2012 Summer Olympics,Basketball,24,24,24,72
2012,2012 Summer Olympics,Beach Volleyball,4,4,4,12
2012,2012 Summer Olympics,Boxing,13,13,26,52
2012,2012 Summer Olympics,Canoe Slalom,5,5,5,15
2012,2012 Summer Olympics,Canoe Sprint,22,22,22,66
2012,2012 Summer Olympics,Cycling BMX Racing,2,2,2,6
2012,2012 Summer Olympics,Cycling Mountain Bike,2,2,2,6
2012,2012 Summer Olympics,Cycling Road,4,4,4,12
2012,2012 Summer Olympics,Cycling Track,18,19,20,57
2012,2012 Summer Olympics,Diving,12,12,12,36
2012,2012 Summer Olympics,Equestrian Dressage,4,4,4,12
2012,2012 Summer Olympics,Equestrian Eventing,6,6,6,18
2012,2012 Summer Olympics,Equestrian Jumping,5,5,5,15
2012,2012 Summer Olympics,Fencing,22,22,22,66
2012,2012 Summer Olympics,Football,44,44,44,132
2012,2012 Summer Olympics,Handball,30,30,30,90
2012,2012 Summer Olympics,Hockey,36,36,36,108
2012,2012 Summer Olympics,Judo,14,14,28,56
2012,2012 Summer Olympics,Marathon Swimming,2,2,2,6
2012,2012 Summer Olympics,Modern Pentathlon,2,2,2,6
2012,2012 Summer Olympics,Rhythmic Gymnastics,7,7,7,21
2012,2012 Summer Olympics,Rowing,48,48,48,144
2012,2012 Summer Olympics,Sailing,16,16,16,48
2012,2012 Summer Olympics,Shooting,15,15,15,45
2012,2012 Summer Olympics,Swimming,68,63,58,189
2012,2012 Summer Olympics,Table Tennis,8,8,8,24
2012,2012 Summer Olympics,Taekwondo,8,8,16,32
2012,2012 Summer Olympics,Tennis,8,8,8,24
2012,2012 Summer Olympics,Trampolining,2,2,2,6
2012,2012 Summer Olympics,Triathlon,2,2,2,6
2012,2012 Summer Olympics,Volleyball,24,24,24,72
2012,2012 Summer Olympics,Water Polo,26,26,26,78
2012,2012 Summer Olympics,Weightlifting,15,14,15,44
2012,2012 Summer Olympics,Wrestling,19,17,36,72
2014,2014 Winter Olympics,Alpine Skiing,11,9,11,31
2014,2014 Winter Olympics,Biathlon,16,20,20,56
2014,2014 Winter Olympics,Bobsleigh,8,8,8,24
2014,2014 Winter Olympics,Cross Country Skiing,20,20,20,60
2014,2014 Winter Olympics,Curling,10,10,10,30
2014,2014 Winter Olympics,Figure Skating,16,15,14,45
2014,2014 Winter Olympics,Freestyle Skiing,10,10,10,30
2014,2014 Winter Olympics,Ice Hockey,46,46,46,138
2014,2014 Winter Olympics,Luge,8,8,8,24
2014,2014 Winter Olympics,Nordic Combined,6,6,6,18
2014,2014 Winter Olympics,Short Track Speed Skating,16,16,16,48
2014,2014 Winter Olympics,Skeleton,2,2,2,6
2014,2014 Winter Olympics,Ski Jumping,7,7,7,21
2014,2014 Winter Olympics,Snowboarding,10,10,10,30
2014,2014 Winter Olympics,Speed Skating,18,18,18,54
2016,2016 Summer Olympics,Archery,8,8,8,24
2016,2016 Summer Olympics,Artistic Gymnastics,22,22,22,66
2016,2016 Summer Olympics,Artistic Swimming,11,11,11,33
2016,2016 Summer Olympics,Athletics,66,64,62,192
2016,2016 Summer Olympics,Badminton,8,8,8,24
2016,2016 Summer Olympics,Basketball,24,24,24,72
2016,2016 Summer Olympics,Beach Volleyball,4,4,4,12
2016,2016 Summer Olympics,Boxing,13,13,25,51
2016,2016 Summer Olympics,Canoe Slalom,5,5,5,15
2016,2016 Summer Olympics,Canoe Sprint,22,22,23,67
2016,2016 Summer Olympics,Cycling BMX Racing,2,2,2,6
2016,2016 Summer Olympics,Cycling Mountain Bike,2,2,2,6
2016,2016 Summer Olympics,Cycling Road,4,4,4,12
2016,2016 Summer Olympics,Cycling Track,20,20,21,61
2016,2016 Summer Olympics,Diving,12,12,12,36
2016,2016 Summer Olympics,Equestrian Dressage,5,5,5,15
2016,2016 Summer Olympics,Equestrian Eventing,5,5,5,15
2016,2016 Summer Olympics,Equestrian Jumping,5,5,5,15
2016,2016 Summer Olympics,Fencing,22,22,22,66
2016,2016 Summer Olympics,Football,45,44,44,133
2016,2016 Summer Olympics,Golf,2,2,2,6
2016,2016 Summer Olympics,Handball,29,31,30,90
2016,2016 Summer Olympics,Hockey,36,37,36,109
2016,2016 Summer Olympics,Judo,14,14,28,56
2016,2016 Summer Olympics,Marathon Swimming,2,2,2,6
2016,2016 Summer Olympics,Modern Pentathlon,2,2,2,6
2016,2016 Summer Olympics,Rhythmic Gymnastics,6,6,6,18
2016,2016 Summer Olympics,Rowing,48,48,48,144
2016,2016 Summer Olympics,Rugby Sevens,25,24,25,74
2016,2016 Summer Olympics,Sailing,15,15,15,45
2016,2016 Summer Olympics,Shooting,15,15,15,45
2016,2016 Summer Olympics,Swimming,69,61,55,185
2016,2016 Summer Olympics,Table Tennis,8,8,8,24
2016,2016 Summer Olympics,Taekwondo,8,8,16,32
2016,2016 Summer Olympics,Tennis,8,8,8,24
2016,2016 Summer Olympics,Trampolining,2,2,2,6
2016,2016 Summer Olympics,Triathlon,2,2,2,6
2016,2016 Summer Olympics,Volleyball,24,24,24,72
2016,2016 Summer Olympics,Water Polo,26,26,26,78
2016,2016 Summer Olympics,Weightlifting,14,15,15,44
2016,2016 Summer Olympics,Wrestling,18,18,36,72
2018,2018 Winter Olympics,Alpine Skiing,15,16,16,47
2018,2018 Winter Olympics,Biathlon,20,20,20,60
2018,2018 Winter Olympics,Bobsleigh,10,10,4,24
2018,2018 Winter Olympics,Cross Country Skiing,20,20,21,61
2018,2018 Winter Olympics,Curling,12,12,12,36
2018,2018 Winter Olympics,Figure Skating,23,21,20,64
2018,2018 Winter Olympics,Freestyle Skiing,10,10,10,30
2018,2018 Winter Olympics,Ice Hockey,48,48,48,144
2018,2018 Winter Olympics,Luge,8,8,8,24
2018,2018 Winter Olympics,Nordic Combined,6,6,6,18
2018,2018 Winter Olympics,Short Track Speed Skating,16,16,16,48
2018,2018 Winter Olympics,Skeleton,2,2,2,6
2018,2018 Winter Olympics,Ski Jumping,7,7,7,21
2018,2018 Winter Olympics,Snowboarding,10,10,10,30
2018,2018 Winter Olympics,Speed Skating,20,20,20,60
2020,2020 Summer Olympics,3x3 Basketball,8,8,8,24
2020,2020 Summer Olympics,Archery,10,10,10,30
2020,2020 Summer Olympics,Artistic Gymnastics,20,20,21,61
2020,2020 Summer Olympics,Artistic Swimming,10,10,10,30
2020,2020 Summer Olympics,Athletics,83,71,74,228
2020,2020 Summer Olympics,Badminton,8,8,8,24
2020,2020 Summer Olympics,Baseball,24,24,24,72
2020,2020 Summer Olympics,Basketball,24,24,24,72
2020,2020 Summer Olympics,Beach Volleyball,4,4,4,12
2020,2020 Summer Olympics,Boxing,13,13,26,52
2020,2020 Summer Olympics,Canoe Slalom,4,4,4,12
2020,2020 Summer Olympics,Canoe Sprint,22,22,22,66
2020,2020 Summer Olympics,Cycling BMX Freestyle,2,2,2,6
2020,2020 Summer Olympics,Cycling BMX Racing,2,2,2,6
2020,2020 Summer Olympics,Cycling Mountain Bike,2,2,2,6
2020,2020 Summer Olympics,Cycling Road,4,4,4,12
2020,2020 Summer Olympics,Cycling Track,26,25,25,76
2020,2020 Summer Olympics,Diving,12,12,12,36
2020,2020 Summer Olympics,Equestrian Dressage,5,4,5,14
2020,2020 Summer Olympics,Equestrian Eventing,5,5,4,14
2020,2020 Summer Olympics,Equestrian Jumping,5,5,5,15
2020,2020 Summer Olympics,Fencing,30,30,30,90
2020,2020 Summer Olympics,Football,44,44,44,132
2020,2020 Summer Olympics,Golf,2,2,2,6
2020,2020 Summer Olympics,Handball,32,30,31,93
2020,2020 Summer Olympics,Hockey,36,36,36,108
2020,2020 Summer Olympics,Judo,25,26,51,102
2020,2020 Summer Olympics,Karate,8,8,16,32
2020,2020 Summer Olympics,Marathon Swimming,2,2,2,6
2020,2020 Summer Olympics,Modern Pentathlon,2,2,2,6
2020,2020 Summer Olympics,Rhythmic Gymnastics,6,6,6,18
2020,2020 Summer Olympics,Rowing,48,48,49,145
2020,2020 Summer Olympics,Rugby Sevens,26,26,26,78
2020,2020 Summer Olympics,Sailing,15,15,15,45
2020,2020 Summer Olympics,Shooting,18,18,18,54
2020,2020 Summer Olympics,Skateboarding,4,4,4,12
2020,2020 Summer Olympics,Softball,15,15,15,45
2020,2020 Summer Olympics,Sport Climbing,2,2,2,6
2020,2020 Summer Olympics,Surfing,2,2,2,6
2020,2020 Summer Olympics,Swimming,70,67,71,208
2020,2020 Summer Olympics,Table Tennis,10,10,10,30
2020,2020 Summer Olympics,Taekwondo,8,8,16,32
2020,2020 Summer Olympics,Tennis,8,8,8,24
2020,2020 Summer Olympics,Trampolining,2,2,2,6
2020,2020 Summer Olympics,Triathlon,6,6,6,18
2020,2020 Summer Olympics,Volleyball,24,24,24,72
2020,2020 Summer Olympics,Water Polo,26,26,26,78
2020,2020 Summer Olympics,Weightlifting,14,14,14,42
2020,2020 Summer Olympics,Wrestling,18,18,36,72
2022,2022 Winter Olympics,Alpine Skiing,16,15,16,47
2022,2022 Winter Olympics,Biathlon,20,20,20,60
2022,2022 Winter Olympics,Bobsleigh,10,10,10,30
2022,2022 Winter Olympics,Cross Country Skiing,20,20,20,60
2022,2022 Winter Olympics,Curling,12,12,12,36
2022,2022 Winter Olympics,Figure Skating,24,22,16,62
2022,2022 Winter Olympics,Freestyle Skiing,15,15,16,46
2022,2022 Winter Olympics,Ice Hockey,48,48,48,144
2022,2022 Winter Olympics,Luge,8,8,8,24
2022,2022 Winter Olympics,Nordic Combined,6,6,6,18
2022,2022 Winter Olympics,Short Track Speed Skating,21,22,21,64
2022,2022 Winter Olympics,Skeleton,2,2,2,6
2022,2022 Winter Olympics,Ski Jumping,11,11,11,33
2022,2022 Winter Olympics,Snowboarding,12,12,12,36
2022,2022 Winter Olympics,Speed Skating,20,20,20,60
2024,2024 Summer Olympics,3x3 Basketball,8,8,8,24
2024,2024 Summer Olympics,Archery,10,10,10,30
2024,2024 Summer Olympics,Artistic Gymnastics,22,22,23,67
2024,2024 Summer Olympics,Artistic Swimming,11,11,11,33
2024,2024 Summer Olympics,Athletics,78,74,79,231
2024,2024 Summer Olympics,Badminton,8,8,8,24
2024,2024 Summer Olympics,Basketball,24,24,24,72
2024,2024 Summer Olympics,Beach Volleyball,4,4,4,12
2024,2024 Summer Olympics,Boxing,13,13,26,52
2024,2024 Summer Olympics,Breaking,2,2,2,6
2024,2024 Summer Olympics,Canoe Slalom,6,6,6,18
2024,2024 Summer Olympics,Canoe Sprint,20,20,22,62
2024,2024 Summer Olympics,Cycling BMX Freestyle,2,2,2,6
2024,2024 Summer Olympics,Cycling BMX Racing,2,2,2,6
2024,2024 Summer Olympics,Cycling Mountain Bike,2,2,2,6
2024,2024 Summer Olympics,Cycling Road,4,4,4,12
2024,2024 Summer Olympics,Cycling Track,29,29,29,87
2024,2024 Summer Olympics,Diving,12,12,12,36
2024,2024 Summer Olympics,Equestrian,15,15,15,45
2024,2024 Summer Olympics,Fencing,30,30,30,90
2024,2024 Summer Olympics,Football,42,43,39,124
2024,2024 Summer Olympics,Golf,2,2,2,6
2024,2024 Summer Olympics,Handball,31,33,30,94
2024,2024 Summer Olympics,Hockey,35,35,32,102
2024,2024 Summer Olympics,Judo,28,28,49,105
2024,2024 Summer Olympics,Marathon Swimming,2,2,2,6
2024,2024 Summer Olympics,Modern Pentathlon,2,2,2,6
2024,2024 Summer Olympics,Rhythmic Gymnastics,6,6,6,18
2024,2024 Summer Olympics,Rowing,48,48,48,144
2024,2024 Summer Olympics,Rugby Sevens,25,28,25,78
2024,2024 Summer Olympics,Sailing,14,14,14,42
2024,2024 Summer Olympics,Shooting,18,18,18,54
2024,2024 Summer Olympics,Skateboarding,4,4,4,12
2024,2024 Summer Olympics,Sport Climbing,4,4,4,12
2024,2024 Summer Olympics,Surfing,2,2,2,6
2024,2024 Summer Olympics,Swimming,73,75,71,219
2024,2024 Summer Olympics,Table Tennis,10,10,10,30
2024,2024 Summer Olympics,Taekwondo,8,8,16,32
2024,2024 Summer Olympics,Tennis,8,8,8,24
2024,2024 Summer Olympics,Trampoline Gymnastics,2,2,2,6
2024,2024 Summer Olympics,Triathlon,6,6,6,18
2024,2024 Summer Olympics,Volleyball,26,26,26,78
2024,2024 Summer Olympics,Water Polo,26,26,26,78
2024,2024 Summer Olympics,Weightlifting,10,10,10,30
2024,2024 Summer Olympics,Wrestling,18,18,36,72
